{"clearColorR":0.15294118225574493,"clearColorG":0.1764705926179886,"clearColorB":0.15294118225574493,"clearColorA":1.0}