{"clearColorR":0.508474588394165,"clearColorG":0.508474588394165,"clearColorB":0.508474588394165,"clearColorA":1.0}