{"clearColorR":0.15323147177696228,"clearColorG":0.15242601931095123,"clearColorB":0.1538461446762085,"clearColorA":1.0}