{"clearColorR":0.15000000596046448,"clearColorG":0.15000000596046448,"clearColorB":0.15000000596046448,"clearColorA":1.0}