{"clearColorR":0.19612592458724976,"clearColorG":0.19612592458724976,"clearColorB":0.19612592458724976,"clearColorA":1.0}