{"clearColorR":0.13256484270095825,"clearColorG":0.13256484270095825,"clearColorB":0.13256484270095825,"clearColorA":1.0}