{"clearColorR":0.07876712083816528,"clearColorG":0.0768788680434227,"clearColorB":0.07706399261951447,"clearColorA":1.0}