{"clearColorR":0.09846150875091553,"clearColorG":0.09270529448986053,"clearColorB":0.09270529448986053,"clearColorA":1.0}