{"clearColorR":0.19692307710647583,"clearColorG":0.19692307710647583,"clearColorB":0.19692307710647583,"clearColorA":1.0}