{"Alpha":0.8999999761581421,"DisabledAlpha":0.6000000238418579,"WindowRounding":5.0,"WindowBorderSize":1.0,"ChildRounding":0.0,"ChildBorderSize":1.0,"PopupRounding":0.0,"PopupBorderSize":1.0,"FrameRounding":6.0,"FrameBorderSize":1.0,"IndentSpacing":21.0,"ScrollbarSize":19.0,"ScrollbarRounding":9.0,"GrabMinSize":12.0,"GrabRounding":6.0,"TabRounding":5.0,"TabBorderSize":0.0,"FontScaleDpi":1.6200000047683716,"WindowPaddingX":8.0,"WindowPaddingY":8.0,"FramePaddingX":4.0,"FramePaddingY":3.0,"ItemSpacingX":8.0,"ItemSpacingY":4.0,"ItemInnerSpacingX":4.0,"ItemInnerSpacingY":4.0,"CellPaddingX":4.0,"CellPaddingY":2.0,"Text":{"r":1.0,"g":1.0,"b":1.0,"a":1.0},"TextDisabled":{"r":1.0,"g":1.0,"b":1.0,"a":0.23719674348831177},"WindowBg":{"r":0.0,"g":0.0,"b":0.0,"a":0.8679245114326477},"ChildBg":{"r":0.0,"g":0.0,"b":0.0,"a":0.0},"PopupBg":{"r":0.07999999821186066,"g":0.07999999821186066,"b":0.07999999821186066,"a":0.9399999976158142},"Border":{"r":0.6388139724731445,"g":0.6388139724731445,"b":0.6388139724731445,"a":0.28301888704299927},"BorderShadow":{"r":0.22911053895950317,"g":0.2254052460193634,"b":0.2254052460193634,"a":0.6792452931404114},"FrameBg":{"r":0.18556702136993408,"g":0.18556702136993408,"b":0.18556702136993408,"a":0.8453608155250549},"FrameBgHovered":{"r":1.0,"g":1.0,"b":1.0,"a":0.4000000059604645},"FrameBgActive":{"r":0.5733518004417419,"g":0.5751703977584839,"b":0.5773196220397949,"a":1.0},"TitleBg":{"r":0.3195876479148865,"g":0.31409645080566406,"b":0.31409645080566406,"a":0.4054982662200928},"TitleBgActive":{"r":0.19931268692016602,"g":0.19931268692016602,"b":0.19931268692016602,"a":0.17525774240493774},"TitleBgCollapsed":{"r":0.0,"g":0.0,"b":0.0,"a":0.5099999904632568},"MenuBarBg":{"r":0.5175201892852783,"g":0.5175201892852783,"b":0.5175201892852783,"a":1.0},"ScrollbarBg":{"r":0.019999999552965164,"g":0.019999999552965164,"b":0.019999999552965164,"a":0.5299999713897705},"ScrollbarGrab":{"r":0.3100000023841858,"g":0.3100000023841858,"b":0.3100000023841858,"a":1.0},"ScrollbarGrabHovered":{"r":0.4099999964237213,"g":0.4099999964237213,"b":0.4099999964237213,"a":1.0},"ScrollbarGrabActive":{"r":0.5099999904632568,"g":0.5099999904632568,"b":0.5099999904632568,"a":1.0},"CheckMark":{"r":0.9867771863937378,"g":0.9460916519165039,"b":1.0,"a":1.0},"SliderGrab":{"r":1.0,"g":1.0,"b":1.0,"a":1.0},"SliderGrabActive":{"r":1.0,"g":1.0,"b":1.0,"a":1.0},"Button":{"r":0.23504042625427246,"g":0.44070079922676086,"b":0.23504042625427246,"a":1.0},"ButtonHovered":{"r":0.2585444748401642,"g":0.48477089405059814,"b":0.2585444748401642,"a":1.0},"ButtonActive":{"r":0.21153637766838074,"g":0.3966307044029236,"b":0.21153637766838074,"a":1.0},"Header":{"r":0.5975690484046936,"g":0.6140022277832031,"b":0.6334232091903687,"a":0.3100000023841858},"HeaderHovered":{"r":0.0,"g":0.0,"b":0.0,"a":1.0},"HeaderActive":{"r":1.0,"g":1.0,"b":1.0,"a":1.0},"Separator":{"r":0.533027708530426,"g":0.5051620006561279,"b":0.6226415038108826,"a":0.47978436946868896},"SeparatorHovered":{"r":0.10000000149011612,"g":0.4000000059604645,"b":0.75,"a":0.7799999713897705},"SeparatorActive":{"r":0.10000000149011612,"g":0.4000000059604645,"b":0.75,"a":1.0},"ResizeGrip":{"r":0.2628398537635803,"g":0.25251683592796326,"b":0.25251683592796326,"a":1.0},"ResizeGripHovered":{"r":0.5589123964309692,"g":0.5589123964309692,"b":0.5589123964309692,"a":0.6700000166893005},"ResizeGripActive":{"r":1.0,"g":1.0,"b":1.0,"a":1.0},"Tab":{"r":1.0,"g":0.9946091771125793,"b":0.9946091771125793,"a":0.5606468915939331},"TabHovered":{"r":0.4204851984977722,"g":0.4204851984977722,"b":0.4204851984977722,"a":0.800000011920929},"TabActive":{"r":0.25876009464263916,"g":0.25876009464263916,"b":0.25876009464263916,"a":0.40970349311828613},"TabUnfocused":{"r":0.06800000369548798,"g":0.10199998319149017,"b":0.14800003170967102,"a":0.9724000096321106},"TabUnfocusedActive":{"r":0.13599997758865356,"g":0.2619999647140503,"b":0.42399999499320984,"a":1.0},"PlotLines":{"r":0.6100000143051147,"g":0.6100000143051147,"b":0.6100000143051147,"a":1.0},"PlotLinesHovered":{"r":1.0,"g":0.4300000071525574,"b":0.3499999940395355,"a":1.0},"PlotHistogram":{"r":0.8999999761581421,"g":0.699999988079071,"b":0.0,"a":1.0},"PlotHistogramHovered":{"r":1.0,"g":0.6000000238418579,"b":0.0,"a":1.0},"TableHeaderBg":{"r":0.1899999976158142,"g":0.1899999976158142,"b":0.20000000298023224,"a":1.0},"TableBorderStrong":{"r":0.3100000023841858,"g":0.3100000023841858,"b":0.3499999940395355,"a":1.0},"TableBorderLight":{"r":0.23000000417232513,"g":0.23000000417232513,"b":0.25,"a":1.0},"TableRowBg":{"r":0.0,"g":0.0,"b":0.0,"a":0.0},"TableRowBgAlt":{"r":1.0,"g":1.0,"b":1.0,"a":0.05999999865889549},"TextSelectedBg":{"r":0.25999999046325684,"g":0.5899999737739563,"b":0.9800000190734863,"a":0.3499999940395355},"DragDropTarget":{"r":1.0,"g":1.0,"b":0.0,"a":0.8999999761581421},"NavHighlight":{"r":1.0,"g":1.0,"b":1.0,"a":1.0},"NavWindowingHighlight":{"r":1.0,"g":1.0,"b":1.0,"a":0.699999988079071},"NavWindowingDimBg":{"r":0.800000011920929,"g":0.800000011920929,"b":0.800000011920929,"a":0.20000000298023224},"ModalWindowDimBg":{"r":0.800000011920929,"g":0.800000011920929,"b":0.800000011920929,"a":0.3499999940395355}}