{"Alpha":0.8999999761581421,"DisabledAlpha":0.6000000238418579,"WindowRounding":5.0,"WindowBorderSize":1.0,"ChildRounding":0.0,"ChildBorderSize":1.0,"PopupRounding":0.0,"PopupBorderSize":1.0,"FrameRounding":4.0,"FrameBorderSize":1.0,"IndentSpacing":21.0,"ScrollbarSize":14.0,"ScrollbarRounding":9.0,"GrabMinSize":12.0,"GrabRounding":4.0,"TabRounding":5.0,"TabBorderSize":0.0,"FontScaleDpi":1.2000000476837158,"WindowPaddingX":8.0,"WindowPaddingY":8.0,"FramePaddingX":4.0,"FramePaddingY":3.0,"ItemSpacingX":8.0,"ItemSpacingY":4.0,"ItemInnerSpacingX":4.0,"ItemInnerSpacingY":4.0,"CellPaddingX":4.0,"CellPaddingY":2.0,"Text":{"r":1.0,"g":1.0,"b":1.0,"a":1.0},"TextDisabled":{"r":1.0,"g":1.0,"b":1.0,"a":1.0},"WindowBg":{"r":0.0,"g":0.0,"b":0.0,"a":0.7766323089599609},"ChildBg":{"r":0.0,"g":0.0,"b":0.0,"a":0.0},"PopupBg":{"r":0.07999999821186066,"g":0.07999999821186066,"b":0.07999999821186066,"a":0.9399999976158142},"Border":{"r":0.5979381799697876,"g":0.5979381799697876,"b":0.5979381799697876,"a":0.37113404273986816},"BorderShadow":{"r":0.0,"g":0.0,"b":0.0,"a":0.0},"FrameBg":{"r":0.23024052381515503,"g":0.23024052381515503,"b":0.23024052381515503,"a":0.5400000214576721},"FrameBgHovered":{"r":0.0,"g":0.0,"b":0.0,"a":0.4000000059604645},"FrameBgActive":{"r":0.0,"g":0.0,"b":0.0,"a":0.6700000166893005},"TitleBg":{"r":0.38831615447998047,"g":0.3829784691333771,"b":0.3829784691333771,"a":1.0},"TitleBgActive":{"r":0.0,"g":0.0,"b":0.0,"a":1.0},"TitleBgCollapsed":{"r":0.0,"g":0.0,"b":0.0,"a":0.5099999904632568},"MenuBarBg":{"r":0.14000000059604645,"g":0.14000000059604645,"b":0.14000000059604645,"a":1.0},"ScrollbarBg":{"r":0.019999999552965164,"g":0.019999999552965164,"b":0.019999999552965164,"a":0.5299999713897705},"ScrollbarGrab":{"r":0.3100000023841858,"g":0.3100000023841858,"b":0.3100000023841858,"a":1.0},"ScrollbarGrabHovered":{"r":0.4099999964237213,"g":0.4099999964237213,"b":0.4099999964237213,"a":1.0},"ScrollbarGrabActive":{"r":0.5099999904632568,"g":0.5099999904632568,"b":0.5099999904632568,"a":1.0},"CheckMark":{"r":1.0,"g":1.0,"b":1.0,"a":1.0},"SliderGrab":{"r":1.0,"g":1.0,"b":1.0,"a":1.0},"SliderGrabActive":{"r":0.0,"g":0.0,"b":0.0,"a":1.0},"Button":{"r":0.20000000298023224,"g":0.6000000238418579,"b":0.20000000298023224,"a":1.0},"ButtonHovered":{"r":0.30000001192092896,"g":0.699999988079071,"b":0.30000001192092896,"a":1.0},"ButtonActive":{"r":0.10000000149011612,"g":0.5,"b":0.10000000149011612,"a":1.0},"Header":{"r":0.30963262915611267,"g":0.3126203119754791,"b":0.3161512017250061,"a":1.0},"HeaderHovered":{"r":0.0,"g":0.0,"b":0.0,"a":0.800000011920929},"HeaderActive":{"r":0.0,"g":0.0,"b":0.0,"a":1.0},"Separator":{"r":0.9862542748451233,"g":0.9862542748451233,"b":1.0,"a":0.5},"SeparatorHovered":{"r":0.10000000149011612,"g":0.4000000059604645,"b":0.75,"a":0.7799999713897705},"SeparatorActive":{"r":0.10000000149011612,"g":0.4000000059604645,"b":0.75,"a":1.0},"ResizeGrip":{"r":1.0,"g":1.0,"b":1.0,"a":0.5773196220397949},"ResizeGripHovered":{"r":0.25999999046325684,"g":0.5899999737739563,"b":0.9800000190734863,"a":0.6700000166893005},"ResizeGripActive":{"r":0.25999999046325684,"g":0.5899999737739563,"b":0.9800000190734863,"a":0.949999988079071},"Tab":{"r":0.5198332667350769,"g":0.5252786874771118,"b":0.5326460599899292,"a":0.8619999885559082},"TabHovered":{"r":0.25999999046325684,"g":0.5899999737739563,"b":0.9800000190734863,"a":0.800000011920929},"TabActive":{"r":0.5198332667350769,"g":0.5252786874771118,"b":0.5326460599899292,"a":0.8619999885559082},"TabUnfocused":{"r":0.5198332667350769,"g":0.5252786874771118,"b":0.5326460599899292,"a":0.8619999885559082},"TabUnfocusedActive":{"r":0.5198332667350769,"g":0.5252786874771118,"b":0.5326460599899292,"a":0.8619999885559082},"PlotLines":{"r":0.6100000143051147,"g":0.6100000143051147,"b":0.6100000143051147,"a":1.0},"PlotLinesHovered":{"r":1.0,"g":0.4300000071525574,"b":0.3499999940395355,"a":1.0},"PlotHistogram":{"r":0.8999999761581421,"g":0.699999988079071,"b":0.0,"a":1.0},"PlotHistogramHovered":{"r":1.0,"g":0.6000000238418579,"b":0.0,"a":1.0},"TableHeaderBg":{"r":0.1899999976158142,"g":0.1899999976158142,"b":0.20000000298023224,"a":1.0},"TableBorderStrong":{"r":0.3100000023841858,"g":0.3100000023841858,"b":0.3499999940395355,"a":1.0},"TableBorderLight":{"r":0.23000000417232513,"g":0.23000000417232513,"b":0.25,"a":1.0},"TableRowBg":{"r":0.0,"g":0.0,"b":0.0,"a":0.0},"TableRowBgAlt":{"r":1.0,"g":1.0,"b":1.0,"a":0.05999999865889549},"TextSelectedBg":{"r":0.25999999046325684,"g":0.5899999737739563,"b":0.9800000190734863,"a":0.3499999940395355},"DragDropTarget":{"r":1.0,"g":1.0,"b":0.0,"a":0.8999999761581421},"NavHighlight":{"r":1.0,"g":1.0,"b":1.0,"a":1.0},"NavWindowingHighlight":{"r":1.0,"g":1.0,"b":1.0,"a":0.699999988079071},"NavWindowingDimBg":{"r":0.800000011920929,"g":0.800000011920929,"b":0.800000011920929,"a":0.20000000298023224},"ModalWindowDimBg":{"r":0.800000011920929,"g":0.800000011920929,"b":0.800000011920929,"a":0.3499999940395355}}